{
  "type": "bigglobe:rock_layer",
  "config": {
    "seed": "fossil_rocks",
    "repeat": 32.0,
    "entries": {
      "defaults": {
        "weight": 1.0,
        "center": {
          "type": "sum",
          "layers": [
            { "type": "smooth", "scale": 64, "amplitude": 8.0 },
            { "type": "smooth", "scale": 32, "amplitude": 4.0 }
          ]
        },
        "thickness": {
          "type": "sum",
          "layers": [
            { "type": "smooth", "scale": 16, "amplitude": 2.0 },
            { "type": "smooth", "scale": 8, "amplitude": 1.0 }
          ]
        }
      },
      "variations": [
        {
          "blocks": {
            "minecraft:stone":             "fossil:volcanic_rock",
            "minecraft:cobblestone":       "fossil:volcanic_rock",
            "minecraft:deepslate":         "fossil:volcanic_rock",
            "minecraft:cobbled_deepslate": "fossil:volcanic_rock"
          }
        }
      ]
    }
  }
}
