{
  "type": "bigglobe:ore",
  "config": {
    "seed": "fossil_deep",
    "blocks": {
      "minecraft:deepslate": "fossil:fossil_deepslate",
      "minecraft:calcite":   "fossil:fossil_calcite",
      "minecraft:tuff":      "fossil:fossil_tuff"
    },
    "chance": {
      "template": "bigglobe:ores/exponential",
      "inputs": {
        "delay": "512.0L",
        "peak":  "0.35L",
        "limit": "0.04L"
      }
    },
    "radius": {
      "type": "average",
      "min": 2.5,
      "max": 8.0,
      "average": 3.5
    }
  }
}
