{
  "type": "bigglobe:ore",
  "config": {
    "seed": "fossil_surface",
    "blocks": {
      "minecraft:stone":                "fossil:fossil_stone",
      "minecraft:cobblestone":          "fossil:fossil_stone",
      "minecraft:andesite":             "fossil:fossil_stone",
      "minecraft:polished_andesite":    "fossil:fossil_stone",
      "minecraft:diorite":              "fossil:fossil_stone",
      "minecraft:polished_diorite":     "fossil:fossil_stone",
      "minecraft:granite":              "fossil:fossil_stone",
      "minecraft:polished_granite":     "fossil:fossil_stone",
      "minecraft:sandstone":            "fossil:fossil_sandstone",
      "minecraft:smooth_sandstone":     "fossil:fossil_sandstone",
      "minecraft:red_sandstone":        "fossil:fossil_red_sandstone",
      "minecraft:smooth_red_sandstone": "fossil:fossil_red_sandstone"
    },
    "chance": {
      "template": "bigglobe:ores/exponential",
      "inputs": {
        "delay": "512.0L",
        "peak":  "0.35L",
        "limit": "0.04L"
      }
    },
    "radius": {
      "type": "average",
      "min": 2.5,
      "max": 8.0,
      "average": 3.5
    }
  }
}
