{
  "type": "bigglobe:ore",
  "config": {
    "seed": "permafrost",
    "blocks": {
      "minecraft:dirt":         "fossil:permafrost_block"
    },
    "chance": {
      "template": "bigglobe:ores/exponential",
      "inputs": {
        "delay": "16.0L",   
        "peak":  "1.0L",    
        "limit": "0.1L"     
      }
    },
    "radius": {
      "type": "average",
      "min": 2.0,         
      "max": 8.0,         
      "average": 4.0
    },
    "biomes": "#bigglobe:cold"
  }
}
